,0
0,AC102
1,AC103
2,AC205
3,AC206
4,AC311
5,AC312
6,AC331
7,AC332
8,AC341
9,AC342
10,AN100
11,AN101
12,AN102
13,AN200
14,AN205
15,AN221
16,AN223
17,AN226
18,AN237
19,AN243
20,AN250
21,AN256
22,AN269
23,AN275
24,AN276
25,AN277
26,AN280
27,AN281
28,AN283
29,AN284
30,AN285
31,AN292
32,AN301
33,AN357
34,AN393
35,AN395
36,DS101A
37,DS101W
38,DS105A
39,DS105W
40,DS202A
41,DS202W
42,DS205
43,EC1A3
44,EC1A5
45,EC1B3
46,EC1B5
47,EC2A3
48,EC2A5
49,EC2B3
50,EC2B5
51,EC2C3
52,EC2C4
53,EC302
54,EC307
55,EC310
56,EC311
57,EC313
58,EC317
59,EC319
60,EC321
61,EC325
62,EC328
63,EC330
64,EC333
65,EC334
66,EC335
67,EC336
68,EC337
69,EC338
70,EC339
71,EH101
72,EH102
73,EH204
74,EH207
75,EH209
76,EH211
77,EH214
78,EH215
79,EH217
80,EH218
81,EH221
82,EH222
83,EH225
84,EH238
85,EH240
86,EH312
87,EH316
88,FM101
89,FM210
90,FM211
91,FM214
92,FM215
93,FM310
94,FM311
95,FM321
96,FM322
97,GV100
98,GV225
99,GV245
100,GV248
101,GV251
102,GV262
103,GV263
104,GV264
105,GV267
106,GV311
107,GV313
108,GV324
109,GV325
110,GV330
111,GV333
112,GV362
113,GY100
114,GY103
115,GY120
116,GY121
117,GY140
118,GY202
119,GY204
120,GY206
121,GY207
122,GY209
123,GY210
124,GY212
125,GY220
126,GY222
127,GY307
128,GY308
129,GY309
130,GY310
131,GY311
132,GY313
133,GY314
134,GY316
135,GY317
136,GY326
137,GY327
138,GY328
139,GY331
140,HY113
141,HY116
142,HY200
143,HY206
144,HY221
145,HY226
146,HY235
147,HY239
148,HY240
149,HY241
150,HY242
151,HY243
152,HY245
153,HY246
154,HY247
155,HY248
156,HY249
157,HY311
158,HY315
159,HY319
160,HY320
161,HY322
162,HY323
163,HY327
164,HY330
165,HY331
166,HY332
167,HY333
168,HY334
169,HY335
170,HY336
171,IR200
172,IR202
173,IR203
174,IR205
175,IR206
176,LL106
177,LL108
178,LL142
179,LL143
180,LL201
181,LL203
182,LL204
183,LL205
184,LL210
185,LL212
186,LL213
187,LL216
188,LL217
189,LL220
190,LL221
191,LL224
192,LL225
193,LL228
194,LL229
195,LL233
196,LL241
197,LL243
198,LL244
199,LL245
200,LL250
201,LL251
202,LL257
203,LL272
204,LL276
205,LL279
206,LL280
207,LL284
208,LL293
209,LL295
210,LL300
211,LL303
212,LL304
213,LL306
214,LL307
215,LL332
216,LL342
217,LN100
218,LN101
219,LN102
220,LN104
221,LN110
222,LN112
223,LN120
224,LN121
225,LN122
226,LN130
227,LN131
228,LN132
229,LN140
230,LN142
231,LN200
232,LN210
233,LN220
234,LN230
235,LN240
236,LN250
237,LN251
238,LN252
239,LN253
240,LN254
241,LN270
242,LN320
243,LN330
244,LN340
245,MA100
246,MA102
247,MA103
248,MA107
249,MA203
250,MA207
251,MA208
252,MA209
253,MA210
254,MA211
255,MA212
256,MA213
257,MA214
258,MA222
259,MA301
260,MA315
261,MA316
262,MA317
263,MA318
264,MA319
265,MA320
266,MA321
267,MA322
268,MA324
269,MA330
270,MA333
271,MC300
272,MG205
273,MG206
274,MG207
275,MG209
276,MG210
277,MG212
278,MG213
279,MG214
280,MG228
281,MG301
282,MG302
283,MG303
284,MG305
285,MG307
286,MG308
287,MG310
288,MG311
289,MG312
290,MG316
291,MG317
292,MY360
293,MY361
294,PB100
295,PB101
296,PB102
297,PB301
298,PB302
299,PH103
300,PH105
301,PH111
302,PH112
303,PH201
304,PH214
305,PH222
306,PH223
307,PH224
308,PH225
309,PH226
310,PH227
311,PH230
312,PH232
313,PH236
314,PH237
315,PH238
316,PH239
317,PH240
318,PH241
319,PH311
320,PH333
321,SO100
322,SO110
323,SO203
324,#
325,SO309
326,SP111
327,SP112
328,SP210
329,SP230
330,SP231
331,SP232
332,SP314
333,SP315
334,SP331
335,SP332
336,SP333
337,SP335
338,SP336
339,SP372
340,SP374
341,ST101
342,ST101A
343,ST101W
344,ST102
345,ST107
346,ST109
347,ST110
348,ST115
349,ST201
350,ST202
351,ST205
352,ST206
353,ST207
354,ST211
355,ST213
356,ST226
357,ST227
358,ST300
359,ST301
360,ST302
361,ST303
362,ST304
363,ST306
364,ST307
365,ST308
366,ST309
367,ST310
368,ST311
369,ST313
370,ST314
371,ST326
372,ST327
373,ST330
